French,English
seulement,only
police,police
pensais,thought
aide,help
demande,request
genre,kind
mois,month
frère,brother
laisser,let
mettre,to put
aucun,no
laisse,leash
eux,them
ville,city
chaque,each
longtemps,long time
vont,will
pendant,while
revoir,meet again
aucune,any
parle,speak
savais,knew
étaient,were
voici,here is
pourrais,could
affaire,case
donner,give
leurs,their
donné,given
train,train
corps,body
endroit,place
yeux,eyes
façon,way
écoute,listen
dont,whose
premier,first
perdu,lost
main,hand
première,first
côté,side
vieux,old
sois,be
tiens,here
tellement,so much
enfant,child
venu,came
suite,after
pardon,sorry
venez,come
devant,in front of
vers,towards
minutes,minutes
chambre,bedroom
mis,placed
belle,beautiful
aimerais,would like to
mari,husband
enfin,finally
espère,hope
eau,water
attendez,Wait
parti,left
nouvelle,new
arrêter,Stop
dirait,would say
terre,Earth
compte,account
donne,given
croire,believe
chérie,sweetheart
gros,large
aura,will have
filles,girls
jouer,to play
bureau,office
